{
  "version": 1,
  "author": "Bandha BhanuPrakash",
  "editor": "wokwi",
  "parts": [
    {
      "type": "wokwi-arduino-uno",
      "id": "uno1",
      "x": -150,
      "y": 0,
      "rotate": 0
    },
    {
      "type": "wokwi-lm35",
      "id": "temp1",
      "x": -220,
      "y": -80,
      "rotate": 0
    },
    {
      "type": "wokwi-lcd1602-i2c",
      "id": "lcd1",
      "x": 50,
      "y": -120,
      "rotate": 0
    },
    {
      "type": "wokwi-pushbutton",
      "id": "button1",
      "x": -220,
      "y": 40,
      "rotate": 0,
      "props": {
        "color": "red"
      }
    },
    {
      "type": "wokwi-resistor",
      "id": "resistor1",
      "x": -220,
      "y": 70,
      "rotate": 90,
      "props": {
        "value": "10k"
      }
    }
  ],
  "connections": [
    {
      "from": "temp1:GND",
      "to": "uno1:GND.1",
      "color": "black"
    },
    {
      "from": "temp1:VCC",
      "to": "uno1:5V",
      "color": "red"
    },
    {
      "from": "temp1:OUT",
      "to": "uno1:A0",
      "color": "green"
    },
    {
      "from": "lcd1:SDA",
      "to": "uno1:A4",
      "color": "blue"
    },
    {
      "from": "lcd1:SCL",
      "to": "uno1:A5",
      "color": "purple"
    },
    {
      "from": "lcd1:VCC",
      "to": "uno1:5V",
      "color": "red"
    },
    {
      "from": "lcd1:GND",
      "to": "uno1:GND",
      "color": "black"
    },
    {
      "from": "button1:1",
      "to": "uno1:D2",
      "color": "yellow"
    },
    {
      "from": "button1:2",
      "to": "resistor1:1",
      "color": "green"
    },
    {
      "from": "resistor1:2",
      "to": "uno1:GND",
      "color": "black"
    }
  ]
}
